{"cameraMode":{"drawMode":0,"name":"Shaded","section":"Shading Mode"},"sceneLighting":false,"audioPlay":false,"sceneViewState":{"m_AlwaysRefresh":false,"showFog":true,"showSkybox":false,"showFlares":true,"showImageEffects":true,"showParticleSystems":true,"showVisualEffectGraphs":true,"m_FxEnabled":true},"in2DMode":false,"pivot":{"x":0.042240142822265628,"y":7.845852375030518,"z":0.3134489059448242},"rotation":{"x":-0.19883064925670625,"y":0.08864710479974747,"z":-0.018061727285385133,"w":-0.9758498668670654},"size":12.138374328613282,"orthographic":false}