{"cameraMode":{"drawMode":0,"name":"Shaded","section":"Shading Mode"},"sceneLighting":true,"audioPlay":false,"sceneViewState":{"m_AlwaysRefresh":false,"showFog":true,"showSkybox":true,"showFlares":true,"showImageEffects":true,"showParticleSystems":true,"showVisualEffectGraphs":true,"m_FxEnabled":true},"in2DMode":false,"pivot":{"x":174.27610778808595,"y":0.9414634704589844,"z":202.95562744140626},"rotation":{"x":-0.06490885466337204,"y":0.7664751410484314,"z":-0.07845266163349152,"w":-0.6341519951820374},"size":268.2218322753906,"orthographic":false}