{"cameraMode":{"drawMode":0,"name":"Shaded","section":"Shading Mode"},"sceneLighting":false,"audioPlay":false,"sceneViewState":{"m_AlwaysRefresh":false,"showFog":true,"showSkybox":false,"showFlares":true,"showImageEffects":true,"showParticleSystems":true,"showVisualEffectGraphs":true,"m_FxEnabled":true},"in2DMode":false,"pivot":{"x":170.66029357910157,"y":1.1345499753952027,"z":208.65000915527345},"rotation":{"x":-0.06490885466337204,"y":0.7664751410484314,"z":-0.07845266163349152,"w":-0.6341519951820374},"size":270.2632751464844,"orthographic":false}