{"cameraMode":{"drawMode":0,"name":"Shaded","section":"Shading Mode"},"sceneLighting":false,"audioPlay":false,"sceneViewState":{"m_AlwaysRefresh":false,"showFog":true,"showSkybox":false,"showFlares":true,"showImageEffects":true,"showParticleSystems":true,"showVisualEffectGraphs":true,"m_FxEnabled":true},"in2DMode":false,"pivot":{"x":-0.006548881530761719,"y":8.493955612182618,"z":0.1650853157043457},"rotation":{"x":-0.19883064925670625,"y":0.08864710479974747,"z":-0.018061727285385133,"w":-0.9758498668670654},"size":12.080680847167969,"orthographic":false}